,,English/Anglais,French/Français,,,,,,,,,,
Metadata Name/Nom de métadonnées,,Methylmercury bioaccumulation in benthic invertebrate assemblages in the Beaufort Sea,Bioaccumulation de méthylmercure dans les assemblages d'invertébrés benthiques de la mer de Beaufort,,,,,,,,,,
Metadata File Identifier/Identificateur de fichier de métadonnées,,6a104e8f-bfa8-442d-87a9-3c85e7b31deb,6a104e8f-bfa8-442d-87a9-3c85e7b31deb,,,,,,,,,,
File Name/Nom du fichier,,CanadianBeaufortSea_Invert_MeHg&SI_EN_FR.csv,CanadianBeaufortSea_Invert_MeHg&SI_EN_FR.csv,,,,,,,,,,
Date File Generated/Date de création du fichier,,2023-01-23,2023-01-23,,,,,,,,,,
File Content/Description du contenu du fichier ,,"Data consists of methylmercury concentrations, fatty acid proportions and carbon, nitrogen and sulfur stable isotope values for benthic invertebrates (51 taxa, 476 individuals) from two locations in the Canadian Beaufort Sea.","Les données concernent les concentrations de méthylmercure, les proportions d'acides gras et les valeurs des isotopes stables du carbone, de l'azote et du soufre pour les invertébrés benthiques (51 taxons, 476 individus) de deux sites de la mer de Beaufort canadienne.",,,,,,,,,,
Organization Name/Nom de l'organisation ,,Environment and Climate Change Canada/Science and Technology Branch/Wildlife and Landscape Science Directorate/Ecotoxicology and Wildlife Health Division,Environnement et Changement climatique Canada/Direction générale des sciences et de la technologie/Direction des sciences des espèces sauvages et du paysage/Écotoxicologie et santé de la faune,,,,,,,,,,
Organization Contact Information/Coordonnées de l'organisation,,"Office of the Director, Ecotoxicology and Wildlife Health Division, 1125 Colonel Br Drive, Ottawa, Ontario, Canada, K1A 0H3","Bureau du directeur, Division de l'écotoxicologie et de la santé de la faune, 1125, promenade Colonel By, Ottawa, ON, K1A 0H3",,,,,,,,,,
Email/Courriel,,ec.enviroinfo.ec@canada.ca,ec.enviroinfo.ec@canada.ca,,,,,,,,,,
Program/Programme,,Ecotoxicology and Wildlife Health Division,Division de l'écotoxicologie et de la santé de la faune,,,,,,,,,,
"Principal Investigator (First name, Last name)/Nom du chercheur principal (Prénom, Nom)",,Dr. John Chételat,Dr. John Chételat,,,,,,,,,,
Principal Investigator Affiliation/Affiliation du chercheur principal ,,"Environment and Climate Change Canada, Science and Technology Branch, Wildlife and Landscape Science Directorate, Ecotoxicology and Wildlife Health Division",Environnement et Changement climatique Canada/Direction générale des sciences et de la technologie/Direction des sciences des espèces sauvages et du paysage/Écotoxicologie et santé de la faune,,,,,,,,,,
Principal Investigator Contact Information/Coordonnées du chercheur principal,,"john.chetelat@ec.gc.ca; 1125 Colonel By Drive, Ottawa, Ontario, Canada, K1A 0H3","john.chetelat@ec.gc.ca; 1125 promenade Colonel By, Ottawa, Ontario, Canada, K1A 0H3",,,,,,,,,,
"Co-investigator (First Name, Last Name)/Co-chercheur (prénom, nom) ",,Christine McClelland,Christine McClelland,,,,,,,,,,
Co-investigator Affiliation/Affiliation du co-chercheur,,"Environment and Climate Change Canada, Science and Technology Branch, Wildlife and Landscape Science Directorate, Ecotoxicology and Wildlife Health Division",Environnement et Changement climatique Canada/Direction générale des sciences et de la technologie/Direction des sciences des espèces sauvages et du paysage/Écotoxicologie et santé de la faune,,,,,,,,,,
Data Steward /Responsible des données,,"Office of the Director, Ecotoxicology and Wildlife Health, 1125 Colonel By Drive, Ottawa, Ontario, Canada, K1A 0H3","Bureau du directeur, Division de l'écotoxicologie et de la santé de la faune, 1125, promenade Colonel By, Ottawa, ON, K1A 0H3",,,,,,,,,,
Open Government License-Canada/Licence du Gouvernement ouvert-Canada,,http://open.canada.ca/en/open-government-licence-canada,https://ouvert.canada.ca/fr/licence-du-gouvernement-ouvert-canada,,,,,,,,,,
Attribution,,"Environment and Climate Change Canada, [Year Accessed].  Data File Name: CanadianBeaufortSea_Invert_MeHg&SI_EN_FR.csv, generated 2023-01-23. Accessed on [Year-Month-Day] from [Name and URL of the data portal].","Environnement et Changement climatique Canada, [année consulté]. Nom du fichier de données : CanadianBeaufortSea_Invert_MeHg&SI_EN_FR.csv, généré 2023-01-23. Consulté le [année-mois-jour] de [nom et adresse URL du portail de données].",,,,,,,,,,
Acknowledgment statement/Remerciements,,"The author(s) acknowledge Environment and Climate Change Canada for the provision of:  CanadianBeaufortSea_Invert_MeHg&SI_EN_FR.csv, accessed from the Government of Canada Open Government Portal","Le (s) auteur (s) reconnaissent Environnement et Changement climatique Canada pour la fourniture du : CanadianBeaufortSea_Invert_MeHg&SI_EN_FR.csv, accessible à partir du portail du Gouvernement ouvert du gouvernement du Canada",,,,,,,,,,
Recommended citation/Citation recommandée,,"Dr.John  Chételat, [2023]. Data file(s): CanadianBeaufortSea_Invert_MeHg&SI_EN_FR.csv, generated [2023-01-23], Digital Object Identifier [If available]. Accessed [YYYY-MM-DD] from the Government of Canada Open Government Portal at open.canada.ca.","Dr. John  Chételat, [2023]. Fichier de données(s) : CanadianBeaufortSea_Invert_MeHg&SI_EN_FR.csv, générée [2023-01-23], [Digital Object Identifier si disponible]. [Consulté AAAA-MM-JJ] du gouvernement du Canada Portail du Gouvernement ouvert à ouvert.canada.ca",,,,,,,,,,
Quality Assurance Level and Disclaimer/Niveau d’évaluation de la qualité,,"Level 2 - a complete, externally consistent data set of specified quality that consists of research products that have undergone interpretative and diagnostic analyses by the project staff or user community. ",Niveau 2 : ensemble de données complet et cohérent présentant un niveau de qualité donné et qui regroupe des produits de recherche que le personnel rattaché au projet ou la collectivité des utilisateurs a soumis à des analyses interprétatives et diagnostiques.,,,,,,,,,,
Questions,,For any questions regarding data please send email to [enviroinfo@canada.ca] and reference [CanadianBeaufortSea_Invert_MeHg&SI_EN_FR.csv] - [Dr. John Chételat] and [Link to Catalogue page] ,"Pour toute question, veuillez envoyer un courriel à [enviroinfo@canada.ca] et référence [CanadianBeaufortSea_Invert_MeHg&SI_EN_FR.csv] - [Dr. John  Chételat] et [Lien vers la page du catalogue]",,,,,,,,,,
,,,,,,,,,,,,,
Notes,,Provincial abbreviations: NT: Northwest Territories; YT: Yukon,Abréviations provinciales : NT : Territoires du Nord-Ouest ; YT : Yukon,,,,,,,,,,
Notes,,Sample ID is a unique identifier used by ECCC's National Wildlife Research Centre.,« Sample ID » est un code d'identification unique utilisé par le Centre national de la recherche faunique d'ECCC.,,,,,,,,,,
Notes,,All analyte concentrations are reported on a dry weight basis. ,Les concentrations des analytes sont indiquées en poids sec.,,,,,,,,,,
Notes,,Sample collection: Invertebrates were collected using a bottom trawl (average trawl latitude and longitude are reported).,Échantillonage de terrain : Les invertébrés ont été collectés à l'aide d'un chalut de fond (la latitude et la longitude moyenne du chalut sont indiquées).,,,,,,,,,,
Notes,,Sample storage: Invertebrates depurated in salt water for 24 hours prior to long-term freezing at -80°C.,Préparation des échantillons : Invertébrés dépurés dans de l'eau salée pendant 24 heures avant d'être congelés à long terme à -80°C.,,,,,,,,,,
Notes,,"Sample preparation: Eggs and juveniles in pericarid crustacean brood pouches removed prior to homogenization. For bivalves, gastropods and sea stars, muscle and internal viscera were dissected, freeze-dried and homogenized with acid-washed glass mortars and pestles. Cumaceans, amphipods, small isopods, small pycnogonids, sea anemones, corals, sea cucumbers, nudibranchs, nemerteans, polychaetes and sipunculids were freeze-dried whole and homogenized using acid-washed glass mortars and pestles. Larger arthropods, specifically the shrimp and larger isopods and pycnogonids, were homogenized whole using a Retsch MM301 Ball Mill (30 rev/s for 30 s) then freeze-dried. In all cases, invertebrates were freeze-dried for a minimum of 48 hours.","Préparation des échantillons : Les œufs et les juvéniles des poches incubatrices des crustacés péricariens ont été enlevés avant l'homogénéisation. Pour les bivalves, les gastéropodes et les étoiles de mer, les muscles et les viscères internes ont été disséqués, lyophilisés et homogénéisés à l'aide de mortiers et de pilons en verre lavés à l'acide. Les cumacés, les amphipodes, les petits isopodes, les petits pycnogonides, les anémones de mer, les coraux, les concombres de mer, les nudibranches, les némertes, les polychètes et les sipunculiens ont été lyophilisés entiers et homogénéisés à l'aide de mortiers et de pilons en verre lavés à l'acide. Les arthropodes de plus grande taille, en particulier les crevettes, les isopodes de plus grande taille et les pycnogonides, ont été homogénéisés entiers à l'aide d'un broyeur à billes Retsch MM301 (30 tours/s pendant 30 s), puis lyophilisés. Dans tous les cas, les invertébrés ont été lyophilisés pendant au moins 48 heures.",,,,,,,,,,
Notes,,Analytical equipment: Methylmercury (MeHg): cold vapor atomic fluorescence spectrometer; stable isotopes (SI): elemental analyzer interfaced with an isotope ratio mass spectrometer.,Équipement analytique : Méthylmercure (MeHg) : spectrométre de fluorescence atomique à vapeur froide ; isotopes stables (SI) : analyseur élémentaire interfacé avec une spectrométre de masse à rapport isotopique.,,,,,,,,,,
Notes,,"Samples are composites of multiple individuals; the number of individuals in each sample are indicated in the column titled ""n (ind)"".","Les échantillons sont composés de plusieurs individus ; le nombre d'individus dans chaque échantillon est indiqué dans la colonne intitulée ""n (ind)"".",,,,,,,,,,
,,,,,,,,,,,,,
Data dictionary,,MeHg = Methylmercury,MeHg = méthylmercure,,,,,,,,,,
Data dictionary,,DW = Dry weight,DW = poids sec,,,,,,,,,,
Data dictionary,,"d13C = stable carbon isotope value (‰), using Vienna-PeeDee Belemnite (vpdb) as standard reference material","d13C = valeur de l'isotope stable de carbone (‰), selon le matériel de référence standard Vienna-PeeDee Belemnite (vpdb)",,,,,,,,,,
Data dictionary,,"d15N = stable nitrogen isotope value (‰), using nitrogen gas as standard reference material","d15N = valeur de l'isotope stable de d'azote (‰), selon le matériel de référence standard azote gazeux",,,,,,,,,,
Data dictionary,,"d34S = stable sulfur isotope value (‰), using Vienna-Canyon Diablo Troilite (vcdt) as standard reference material ","d34S = valeur de l'isotope stable de soufre (‰), selon le matériel de référence standard Vienna-Canyon Diablo Troilite (vcdt)",,,,,,,,,,
,,,,,,,,,,,,,
,,,,,,,,,,,,,
Sample ID,Species,Taxon,Tissue analysed,Location,Collection date,Latitude,Longitude,Depth (m),n (ind),d13C (‰),d15N (‰),d34S (‰),"MeHg (ng/g, DW)"
W191236-01,Ampelisca sp.,Amphipoda,Whole body,"Northwest of Cape Bathurst, NT",2007-07-31,70.6952,-128.8393,22.31,4,,8.3,19.5,4
W191236-02,Ampelisca sp.,Amphipoda,Whole body,"Northwest of Cape Bathurst, NT",2007-07-31,70.6952,-128.8393,22.31,4,,7.3,19.9,5
W191236-03,Ampelisca sp.,Amphipoda,Whole body,"Northwest of Cape Bathurst, NT",2007-07-31,70.6952,-128.8393,22.31,4,,7.3,19.7,3
W191236-04,Arctolembos arcticus,Amphipoda,Whole body,"Northwest of Cape Bathurst, NT",2007-07-31,70.6952,-128.8393,22.31,2,,8.7,21.1,6
W191236-05,Arctolembos arcticus,Amphipoda,Whole body,"Northwest of Cape Bathurst, NT",2007-07-31,70.6952,-128.8393,22.31,3,,8,20.7,9
W191236-06,Arctolembos arcticus,Amphipoda,Whole body,"Northwest of Cape Bathurst, NT",2007-07-31,70.6952,-128.8393,22.31,2,,7.3,19.6,6
W191236-07,Acanthostepheia behringiensis,Amphipoda,Whole body,"East of Herschel Island, YT",2007-08-02,69.6125,-138.5626,116.13,2,,11.3,18.7,67
W191236-08,Acanthostepheia behringiensis,Amphipoda,Whole body,"East of Herschel Island, YT",2007-08-02,69.6125,-138.5626,116.13,3,,11.7,18.2,57
W191236-09,Acanthostepheia behringiensis,Amphipoda,Whole body,"East of Herschel Island, YT",2007-08-02,69.6125,-138.5626,116.13,2,,11.1,18.9,61
W191236-10,Rhachotropis aculeata,Amphipoda,Whole body,"Northwest of Cape Bathurst, NT",2007-07-31,70.6952,-128.8393,22.31,3,,10.8,20,32
W191236-11,Rhachotropis aculeata,Amphipoda,Whole body,"Northwest of Cape Bathurst, NT",2007-07-31,70.6952,-128.8393,22.31,2,,11.8,20.2,79
W191236-12,Unidentified amphipod sp.,Amphipoda,Whole body,"East of Herschel Island, YT",2007-08-02,69.6125,-138.5626,116.13,2,,12.1,20.5,100
W191236-13,Unidentified amphipod sp.,Amphipoda,Whole body,"East of Herschel Island, YT",2007-08-02,69.6125,-138.5626,116.13,2,,14,20.7,69
W191236-14,Unidentified amphipod sp.,Amphipoda,Whole body,"East of Herschel Island, YT",2007-08-02,69.6125,-138.5626,116.13,3,,11.7,20.6,68
W191236-15,Acanthostepheia behringiensis,Amphipoda,Whole body,"Northwest of Cape Bathurst, NT",2007-07-31,70.6952,-128.8393,22.31,3,,12.5,21,127
W191236-16,Acanthostepheia behringiensis,Amphipoda,Whole body,"Northwest of Cape Bathurst, NT",2007-07-31,70.6952,-128.8393,22.31,2,,12.3,20.2,61
W191236-17,Acanthostepheia behringiensis,Amphipoda,Whole body,"Northwest of Cape Bathurst, NT",2007-07-31,70.6952,-128.8393,22.31,2,,12.2,20.5,53
W191236-25,Acanthostepheia behringiensis (small),Amphipoda,Whole body,"Northwest of Cape Bathurst, NT",2007-07-31,70.6952,-128.8393,22.31,4,,8.6,21.1,8
W191236-18,Anonyx nugax,Amphipoda,Whole body,"East of Herschel Island, YT",2007-08-02,69.6125,-138.5626,116.13,4,,13.2,20.6,150
W191236-19,Anonyx nugax,Amphipoda,Whole body,"East of Herschel Island, YT",2007-08-02,69.6125,-138.5626,116.13,3,,14.1,20.6,263
W191236-20,Anonyx nugax,Amphipoda,Whole body,"East of Herschel Island, YT",2007-08-02,69.6125,-138.5626,116.13,3,,13.8,21,279
W191236-21,Pleustes panoplus,Amphipoda,Whole body,"Northwest of Cape Bathurst, NT",2007-07-31,70.6952,-128.8393,22.31,2,,9.4,22,19
W191236-22,Pleustes panoplus,Amphipoda,Whole body,"Northwest of Cape Bathurst, NT",2007-07-31,70.6952,-128.8393,22.31,3,,9.9,21.5,21
W191236-23,Pleustes panoplus,Amphipoda,Whole body,"Northwest of Cape Bathurst, NT",2007-07-31,70.6952,-128.8393,22.31,2,,10.3,20.2,23
W191236-24,Paramphithoe sp.,Amphipoda,Whole body,"East of Herschel Island, YT",2007-08-02,69.6125,-138.5626,116.13,4,,13.2,,127
W191236-26,Diastylidae sp.,Cumacea,Whole body,"East of Herschel Island, YT",2007-08-02,69.6125,-138.5626,116.13,5,,6.7,21.1,10
W191236-27,Diastylidae sp.,Cumacea,Whole body,"East of Herschel Island, YT",2007-08-02,69.6125,-138.5626,116.13,5,,7.9,21.9,12
W191236-28,Diastylidae sp.,Cumacea,Whole body,"East of Herschel Island, YT",2007-08-02,69.6125,-138.5626,116.13,5,,7.9,22,13
W191236-29,Diastylidae sp.,Cumacea,Whole body,"Northwest of Cape Bathurst, NT",2007-07-31,70.6952,-128.8393,22.31,23,,7.5,21.6,9
W191236-30,Diastylidae sp.,Cumacea,Whole body,"Northwest of Cape Bathurst, NT",2007-07-31,70.6952,-128.8393,22.31,17,,7.2,21.9,8
W191236-31,Diastylidae sp.,Cumacea,Whole body,"Northwest of Cape Bathurst, NT",2007-07-31,70.6952,-128.8393,22.31,15,,7.1,21.6,7
W191236-32,Sabinea septemcarinata,Decapoda,Whole body,"Northwest of Cape Bathurst, NT",2007-07-31,70.6952,-128.8393,22.31,3,,12.9,20.9,34
W191236-33,Eualus gaimardii,Decapoda,Whole body,"Northwest of Cape Bathurst, NT",2007-07-31,70.6952,-128.8393,22.31,3,,12.3,20.1,46
W191236-34,Eualus gaimardii,Decapoda,Whole body,"Northwest of Cape Bathurst, NT",2007-07-31,70.6952,-128.8393,22.31,4,,12.7,20.2,49
W191236-35,Eualus gaimardii,Decapoda,Whole body,"Northwest of Cape Bathurst, NT",2007-07-31,70.6952,-128.8393,22.31,3,,12.7,19.8,61
W191236-36,Eualus gaimardii,Decapoda,Whole body,"East of Herschel Island, YT",2007-08-02,69.6125,-138.5626,116.13,3,,12.9,20.7,131
W191236-37,Eualus gaimardii,Decapoda,Whole body,"East of Herschel Island, YT",2007-08-02,69.6125,-138.5626,116.13,2,,12.5,20.7,77
W191236-38,Eualus gaimardii,Decapoda,Whole body,"East of Herschel Island, YT",2007-08-02,69.6125,-138.5626,116.13,2,,12.6,20.7,108
W191236-39,Spirontocaris sp.,Decapoda,Whole body,"East of Herschel Island, YT",2007-08-02,69.6125,-138.5626,116.13,3,,11,21,109
W191236-40,Spirontocaris sp.,Decapoda,Whole body,"East of Herschel Island, YT",2007-08-02,69.6125,-138.5626,116.13,2,,11.4,20.9,133
W191236-41,Spirontocaris sp.,Decapoda,Whole body,"East of Herschel Island, YT",2007-08-02,69.6125,-138.5626,116.13,2,,11.6,18.4,161
W191236-42,Sabinea septemcarinata,Decapoda,Whole body,"East of Herschel Island, YT",2007-08-02,69.6125,-138.5626,116.13,2,,13.1,17.1,120
W191236-43,Sabinea septemcarinata,Decapoda,Whole body,"East of Herschel Island, YT",2007-08-02,69.6125,-138.5626,116.13,2,,12.9,17.7,93
W191236-44,Sabinea septemcarinata,Decapoda,Whole body,"East of Herschel Island, YT",2007-08-02,69.6125,-138.5626,116.13,2,,12.5,16.9,65
W191236-45,Saduria sabini,Isopoda,Whole body,"Northwest of Cape Bathurst, NT",2007-07-31,70.6952,-128.8393,22.31,2,,13.6,17.6,39
W191236-46,Saduria sabini,Isopoda,Whole body,"East of Herschel Island, YT",2007-08-02,69.6125,-138.5626,116.13,2,,10.4,19.4,50
W191236-47,Saduria sabini,Isopoda,Whole body,"East of Herschel Island, YT",2007-08-02,69.6125,-138.5626,116.13,2,,10.5,20.6,39
W191236-48,Saduria sabini,Isopoda,Whole body,"East of Herschel Island, YT",2007-08-02,69.6125,-138.5626,116.13,2,,10.5,21.2,52
W191236-49,Saduria entomon,Isopoda,Whole body,"East of Herschel Island, YT",2007-08-02,69.6125,-138.5626,116.13,2,,11.8,21.2,67
W191236-50,Saduria entomon,Isopoda,Whole body,"East of Herschel Island, YT",2007-08-02,69.6125,-138.5626,116.13,2,,11.5,19.9,50
W191236-51,Saduria entomon,Isopoda,Whole body,"East of Herschel Island, YT",2007-08-02,69.6125,-138.5626,116.13,3,,11.4,21.2,43
W191236-52,Synidotea bicuspida,Isopoda,Whole body,"Northwest of Cape Bathurst, NT",2007-07-31,70.6952,-128.8393,22.31,2,,11.2,21.3,21
W191236-53,Synidotea bicuspida,Isopoda,Whole body,"Northwest of Cape Bathurst, NT",2007-07-31,70.6952,-128.8393,22.31,2,,11.1,22,20
W191236-54,Synidotea bicuspida,Isopoda,Whole body,"Northwest of Cape Bathurst, NT",2007-07-31,70.6952,-128.8393,22.31,3,,11.1,22,18
W191236-55,Synidotea bicuspida,Isopoda,Whole body,"East of Herschel Island, YT",2007-08-02,69.6125,-138.5626,116.13,2,,12,22.2,30
W191236-56,Synidotea bicuspida,Isopoda,Whole body,"East of Herschel Island, YT",2007-08-02,69.6125,-138.5626,116.13,3,,10.7,21.4,29
W191236-57,Synidotea bicuspida,Isopoda,Whole body,"East of Herschel Island, YT",2007-08-02,69.6125,-138.5626,116.13,2,,10.2,22.1,25
W191236-58,Munnopsis typica,Isopoda,Whole body,"Northwest of Cape Bathurst, NT",2007-07-31,70.6952,-128.8393,22.31,4,,10.4,17,29
W191236-59,Actiniaria sp.,Anthozoa,Whole body,"Northwest of Cape Bathurst, NT",2007-07-31,70.6952,-128.8393,22.31,4,-22.2,12.2,18.8,32
W191236-60,Actiniaria sp.,Anthozoa,Whole body,"Northwest of Cape Bathurst, NT",2007-07-31,70.6952,-128.8393,22.31,3,-22.2,12,19,30
W191236-61,Actiniaria sp.,Anthozoa,Whole body,"Northwest of Cape Bathurst, NT",2007-07-31,70.6952,-128.8393,22.31,2,-22.9,11.3,19.8,26
W191236-62,Actiniaria sp.,Anthozoa,Whole body,"East of Herschel Island, YT",2007-08-02,69.6125,-138.5626,116.13,2,-23.9,13.2,19.3,58
W191236-63,Actiniaria sp.,Anthozoa,Whole body,"East of Herschel Island, YT",2007-08-02,69.6125,-138.5626,116.13,2,-24.5,11.6,19.5,42
W191236-64,Actiniaria sp.,Anthozoa,Whole body,"East of Herschel Island, YT",2007-08-02,69.6125,-138.5626,116.13,2,-24.4,12,20,43
W191236-65,Gersemia rubiformis,Anthozoa,Whole body,"East of Herschel Island, YT",2007-08-02,69.6125,-138.5626,116.13,3,,10.4,23.7,17
W191236-66,Leptasterias littoralis,Asterozoa,"Soft tissues (muscle, internal organs)","Northwest of Cape Bathurst, NT",2007-07-31,70.6952,-128.8393,22.31,2,-20.7,9.4,19.9,74
W191236-67,Leptasterias littoralis,Asterozoa,"Soft tissues (muscle, internal organs)","Northwest of Cape Bathurst, NT",2007-07-31,70.6952,-128.8393,22.31,2,-22.7,9.9,19.9,61
W191236-68,Leptasterias littoralis,Asterozoa,"Soft tissues (muscle, internal organs)","Northwest of Cape Bathurst, NT",2007-07-31,70.6952,-128.8393,22.31,2,-22.4,10.2,20.5,63
W191236-69,Leptasterias sp.,Asterozoa,"Soft tissues (muscle, internal organs)","East of Herschel Island, YT",2007-08-02,69.6125,-138.5626,116.13,2,-20.2,10.4,20.2,355
W191236-70,Leptasterias sp.,Asterozoa,"Soft tissues (muscle, internal organs)","East of Herschel Island, YT",2007-08-02,69.6125,-138.5626,116.13,4,-21.3,10.1,21.4,133
W191236-71,Leptasterias sp.,Asterozoa,"Soft tissues (muscle, internal organs)","East of Herschel Island, YT",2007-08-02,69.6125,-138.5626,116.13,2,-21.1,11.5,20,245
W191236-72,Crossaster papposus,Asterozoa,"Soft tissues (muscle, internal organs)","East of Herschel Island, YT",2007-08-02,69.6125,-138.5626,116.13,3,-21.9,13,21.6,260
W191236-73,Crossaster papposus,Asterozoa,"Soft tissues (muscle, internal organs)","East of Herschel Island, YT",2007-08-02,69.6125,-138.5626,116.13,3,-22.4,12.8,21.4,420
W191236-74,Crossaster papposus,Asterozoa,"Soft tissues (muscle, internal organs)","East of Herschel Island, YT",2007-08-02,69.6125,-138.5626,116.13,2,-20.8,12.5,20.5,421
W191236-75,Stegophiura nodosa,Asterozoa,Central disk,"Northwest of Cape Bathurst, NT",2007-07-31,70.6952,-128.8393,22.31,3,,9.6,25.6,13
W191236-76,Stegophiura nodosa,Asterozoa,Central disk,"Northwest of Cape Bathurst, NT",2007-07-31,70.6952,-128.8393,22.31,4,,10.4,28.1,12
W191236-77,Ophiocten sericeum ,Asterozoa,Central disk,"Northwest of Cape Bathurst, NT",2007-07-31,70.6952,-128.8393,22.31,4,,9.1,21.5,7
W191236-78,Ophiocten sericeum ,Asterozoa,Central disk,"Northwest of Cape Bathurst, NT",2007-07-31,70.6952,-128.8393,22.31,5,,8.6,22.4,9
W191236-79,Ophiocten sericeum ,Asterozoa,Central disk,"East of Herschel Island, YT",2007-08-02,69.6125,-138.5626,116.13,4,,9.7,20.8,15
W191236-80,Ophiocten sericeum ,Asterozoa,Central disk,"East of Herschel Island, YT",2007-08-02,69.6125,-138.5626,116.13,6,,9.6,22.5,13
W191236-81,Ophiocten sericeum ,Asterozoa,Central disk,"East of Herschel Island, YT",2007-08-02,69.6125,-138.5626,116.13,4,,9.9,22,13
W191236-82,Ophiacantha bidentata,Asterozoa,Central disk,"East of Herschel Island, YT",2007-08-02,69.6125,-138.5626,116.13,2,,12.7,23.1,49
W191236-83,Ophiacantha bidentata,Asterozoa,Central disk,"East of Herschel Island, YT",2007-08-02,69.6125,-138.5626,116.13,3,,12.1,23.2,34
W191236-84,Psolus sp.,Holothuroidea,Whole body,"East of Herschel Island, YT",2007-08-02,69.6125,-138.5626,116.13,4,,8.3,21.9,17
W191236-85,Nymphonidae sp.,Pycnogonidae,Whole body,"Northwest of Cape Bathurst, NT",2007-07-31,70.6952,-128.8393,22.31,18,,12.3,20.8,32
W191236-86,Nymphonidae sp.,Pycnogonidae,Whole body,"East of Herschel Island, YT",2007-08-02,69.6125,-138.5626,116.13,3,,14.2,19.3,299
W191236-87,Dendronotus frondosus,Nudibranchia,Whole body,"Northwest of Cape Bathurst, NT",2007-07-31,70.6952,-128.8393,22.31,2,-22.2,13.9,18.6,38
W191236-88,Dendronotus frondosus,Nudibranchia,Whole body,"Northwest of Cape Bathurst, NT",2007-07-31,70.6952,-128.8393,22.31,3,-21.9,13.5,17.8,47
W191236-89,Dendronotus frondosus,Nudibranchia,Whole body,"East of Herschel Island, YT",2007-08-02,69.6125,-138.5626,116.13,3,-25.5,8.6,20.1,32
W191237-01,Astarte borealis,Bivalvia,"Soft tissues (muscle, internal organs)","Northwest of Cape Bathurst, NT",2007-07-31,70.6952,-128.8393,22.31,3,-22.2,9.5,19.5,39
W191237-02,Astarte borealis,Bivalvia,"Soft tissues (muscle, internal organs)","Northwest of Cape Bathurst, NT",2007-07-31,70.6952,-128.8393,22.31,2,-22.2,9.6,18.8,32
W191237-11,Astarte borealis,Bivalvia,"Soft tissues (muscle, internal organs)","Northwest of Cape Bathurst, NT",2007-07-31,70.6952,-128.8393,22.31,3,-22.7,8.5,19.6,23
W191237-03,Astarte sp.,Bivalvia,"Soft tissues (muscle, internal organs)","East of Herschel Island, YT",2007-08-02,69.6125,-138.5626,116.13,2,-20.8,9.3,20.4,61
W191237-04,Astarte sp.,Bivalvia,"Soft tissues (muscle, internal organs)","East of Herschel Island, YT",2007-08-02,69.6125,-138.5626,116.13,3,-22.6,9.4,19,70
W191237-05,Astarte sp.,Bivalvia,"Soft tissues (muscle, internal organs)","East of Herschel Island, YT",2007-08-02,69.6125,-138.5626,116.13,2,-21.2,9.3,20.6,46
W191237-06,Astarte sp.,Bivalvia,"Soft tissues (muscle, internal organs)","Northwest of Cape Bathurst, NT",2007-07-31,70.6952,-128.8393,22.31,2,-21.1,9.9,20.8,34
W191237-07,Astarte sp.,Bivalvia,"Soft tissues (muscle, internal organs)","Northwest of Cape Bathurst, NT",2007-07-31,70.6952,-128.8393,22.31,2,-21.1,9.9,20.9,37
W191237-08,Nuculana pernula,Bivalvia,"Soft tissues (muscle, internal organs)","East of Herschel Island, YT",2007-08-02,69.6125,-138.5626,116.13,2,-23,9.6,18.5,47
W191237-09,Nuculana pernula,Bivalvia,"Soft tissues (muscle, internal organs)","East of Herschel Island, YT",2007-08-02,69.6125,-138.5626,116.13,2,-23.6,8.8,18.2,48
W191237-10,Cyclocardia sp.,Bivalvia,"Soft tissues (muscle, internal organs)","East of Herschel Island, YT",2007-08-02,69.6125,-138.5626,116.13,2,-21.8,6.9,19.9,89
W191237-12,Yoldia hyperboria,Bivalvia,"Soft tissues (muscle, internal organs)","Northwest of Cape Bathurst, NT",2007-07-31,70.6952,-128.8393,22.31,3,-22.8,8.1,19.2,15
W191237-13,Clinocardium ciliatum,Bivalvia,"Soft tissues (muscle, internal organs)","Northwest of Cape Bathurst, NT",2007-07-31,70.6952,-128.8393,22.31,3,-23.3,9.2,21.1,71
W191237-14,Clinocardium ciliatum,Bivalvia,"Soft tissues (muscle, internal organs)","East of Herschel Island, YT",2007-08-02,69.6125,-138.5626,116.13,3,-22.6,8.7,19.4,236
W191237-15,Clinocardium ciliatum,Bivalvia,"Soft tissues (muscle, internal organs)","East of Herschel Island, YT",2007-08-02,69.6125,-138.5626,116.13,3,-22.3,10.6,20,144
W191237-16,Clinocardium ciliatum,Bivalvia,"Soft tissues (muscle, internal organs)","East of Herschel Island, YT",2007-08-02,69.6125,-138.5626,116.13,3,-22.7,10.1,19.8,138
W191237-17,Similipectin greenlandicus,Bivalvia,"Soft tissues (muscle, internal organs)","Northwest of Cape Bathurst, NT",2007-07-31,70.6952,-128.8393,22.31,4,-21.5,10.5,21.1,76
W191237-19,Similipectin greenlandicus,Bivalvia,"Soft tissues (muscle, internal organs)","East of Herschel Island, YT",2007-08-02,69.6125,-138.5626,116.13,10,-23.9,10.6,21.3,161
W191237-20,Similipectin greenlandicus,Bivalvia,"Soft tissues (muscle, internal organs)","East of Herschel Island, YT",2007-08-02,69.6125,-138.5626,116.13,6,-23.7,11.1,20.9,131
W191237-21,Margarites costalis,Gastropoda,"Soft tissues (muscle, internal organs)","East of Herschel Island, YT",2007-08-02,69.6125,-138.5626,116.13,4,-22,9.1,19,57
W191237-22,Margarites costalis,Gastropoda,"Soft tissues (muscle, internal organs)","East of Herschel Island, YT",2007-08-02,69.6125,-138.5626,116.13,4,-21.2,12.4,16.7,66
W191237-23,Cryptonatica sp.,Gastropoda,"Soft tissues (muscle, internal organs)","East of Herschel Island, YT",2007-08-02,69.6125,-138.5626,116.13,3,-21.2,10.7,18.4,104
W191237-24,Cryptonatica sp.,Gastropoda,"Soft tissues (muscle, internal organs)","East of Herschel Island, YT",2007-08-02,69.6125,-138.5626,116.13,3,-20.4,10.3,17.7,179
W191237-25,Boreotrophon truncatus,Gastropoda,"Soft tissues (muscle, internal organs)","East of Herschel Island, YT",2007-08-02,69.6125,-138.5626,116.13,3,-20,9.7,20.4,109
W191237-26,Neptunea sp.,Gastropoda,"Soft tissues (muscle, internal organs)","East of Herschel Island, YT",2007-08-02,69.6125,-138.5626,116.13,2,-20.4,10.9,20.7,281
W191237-27,Neptunea sp.,Gastropoda,"Soft tissues (muscle, internal organs)","East of Herschel Island, YT",2007-08-02,69.6125,-138.5626,116.13,3,-20.3,10.1,20.3,254
W191237-28,Buccinum sp.,Gastropoda,"Soft tissues (muscle, internal organs)","East of Herschel Island, YT",2007-08-02,69.6125,-138.5626,116.13,2,-21.6,10.4,18.6,108
W191237-29,Buccinum sp.,Gastropoda,"Soft tissues (muscle, internal organs)","East of Herschel Island, YT",2007-08-02,69.6125,-138.5626,116.13,3,-21.7,9.4,17.7,69
W191237-30,Buccinum polare,Gastropoda,"Soft tissues (muscle, internal organs)","East of Herschel Island, YT",2007-08-02,69.6125,-138.5626,116.13,2,-20.8,10.4,18.3,138
W191237-18,Buccinum polare,Gastropoda,"Soft tissues (muscle, internal organs)","East of Herschel Island, YT",2007-08-02,69.6125,-138.5626,116.13,3,-20.2,12,11.5,207
W191237-31,Cylichna sp.,Gastropoda,"Soft tissues (muscle, internal organs)","East of Herschel Island, YT",2007-08-02,69.6125,-138.5626,116.13,3,-22.7,8.4,18.8,26
W191237-32,Tachyrhynchus sp.,Gastropoda,"Soft tissues (muscle, internal organs)","East of Herschel Island, YT",2007-08-02,69.6125,-138.5626,116.13,2,-20.4,5.9,19.5,14
W191237-33,Amphiporus sp.,Nemertea,Whole body,"Northwest of Cape Bathurst, NT",2007-07-31,70.6952,-128.8393,22.31,4,-23.1,10.4,20.2,30
W191237-34,Amphiporus sp.,Nemertea,Whole body,"Northwest of Cape Bathurst, NT",2007-07-31,70.6952,-128.8393,22.31,2,-22.6,10,19.6,37
W191237-35,Pectinaria hyperborea,Polychaeta,Whole body,"Northwest of Cape Bathurst, NT",2007-07-31,70.6952,-128.8393,22.31,4,-21.5,7.1,16.4,48
W191237-37,Gattyana cirrhosa,Polychaeta,Whole body,"Northwest of Cape Bathurst, NT",2007-07-31,70.6952,-128.8393,22.31,2,-20.7,11.5,20.6,87
W191237-38,Gattyana cirrhosa,Polychaeta,Whole body,"Northwest of Cape Bathurst, NT",2007-07-31,70.6952,-128.8393,22.31,2,-21.2,11.6,20.3,51
W191237-39,Bylgides sp.,Polychaeta,Whole body,"Northwest of Cape Bathurst, NT",2007-07-31,70.6952,-128.8393,22.31,4,-20.5,12.1,,23
W191237-40,Bylgides sp.,Polychaeta,Whole body,"Northwest of Cape Bathurst, NT",2007-07-31,70.6952,-128.8393,22.31,3,-20.8,11.9,18.2,24
W191237-41,Hamothoe imbricata,Polychaeta,Whole body,"Northwest of Cape Bathurst, NT",2007-07-31,70.6952,-128.8393,22.31,3,-21.4,11.4,18.9,42
W191237-42,Hamothoe imbricata,Polychaeta,Whole body,"Northwest of Cape Bathurst, NT",2007-07-31,70.6952,-128.8393,22.31,3,-20.3,10.6,16.7,38
W191237-43,Bylgides sarsi,Polychaeta,Whole body,"East of Herschel Island, YT",2007-08-02,69.6125,-138.5626,116.13,2,-22.1,11.3,18.1,63
W191237-44,Bylgides sarsi,Polychaeta,Whole body,"East of Herschel Island, YT",2007-08-02,69.6125,-138.5626,116.13,2,-22,11.3,17.8,58
W191237-45,Bylgides sarsi,Polychaeta,Whole body,"East of Herschel Island, YT",2007-08-02,69.6125,-138.5626,116.13,3,-22.4,10.9,17.7,41
W191237-46,Nephtys sp.,Polychaeta,Whole body,"East of Herschel Island, YT",2007-08-02,69.6125,-138.5626,116.13,2,-20.6,10.5,16.8,127
W191237-47,Nephtys sp.,Polychaeta,Whole body,"East of Herschel Island, YT",2007-08-02,69.6125,-138.5626,116.13,3,-20.1,11.3,17.3,105
W191237-48,Nephtys sp.,Polychaeta,Whole body,"East of Herschel Island, YT",2007-08-02,69.6125,-138.5626,116.13,2,-19.8,10.6,17.8,215
W191237-49,Phyllodoce groenlandica,Polychaeta,Whole body,"Northwest of Cape Bathurst, NT",2007-07-31,70.6952,-128.8393,22.31,2,-21.2,11.1,17.9,48
W191237-50,Phyllodoce groenlandica,Polychaeta,Whole body,"Northwest of Cape Bathurst, NT",2007-07-31,70.6952,-128.8393,22.31,2,-20.7,11.3,16.9,33
W191237-51,Unidentified polychaete sp.,Polychaeta,Whole body,"East of Herschel Island, YT",2007-08-02,69.6125,-138.5626,116.13,2,-21.6,9.2,15,22
W191237-52,Unidentified polychaete sp.,Polychaeta,Whole body,"East of Herschel Island, YT",2007-08-02,69.6125,-138.5626,116.13,2,-21.6,8.7,15.5,24
W191237-53,Unidentified polychaete sp.,Polychaeta,Whole body,"East of Herschel Island, YT",2007-08-02,69.6125,-138.5626,116.13,2,-21.7,7.9,15.4,19
W191237-54,Nereis zonata,Sipuncula,Whole body,"East of Herschel Island, YT",2007-08-02,69.6125,-138.5626,116.13,3,-22.1,8.7,15.3,20
W191237-55,Sipunculid sp 1,Sipuncula,Whole body,"East of Herschel Island, YT",2007-08-02,69.6125,-138.5626,116.13,3,,6.4,19.9,11
W191237-56,Sipunculid sp 1,Sipuncula,Whole body,"East of Herschel Island, YT",2007-08-02,69.6125,-138.5626,116.13,2,,6.7,19.8,16
W191237-57,Sipunculid sp 1,Sipuncula,Whole body,"East of Herschel Island, YT",2007-08-02,69.6125,-138.5626,116.13,2,,5.5,20.4,14
W191237-58,Sipunculid sp 2,Sipuncula,Whole body,"Northwest of Cape Bathurst, NT",2007-07-31,70.6952,-128.8393,22.31,2,,6,19.7,14
W191237-59,Sipunculid sp 2,Sipuncula,Whole body,"Northwest of Cape Bathurst, NT",2007-07-31,70.6952,-128.8393,22.31,2,,4.4,19.1,8
